locality,locality_detail,bhk,price_lakh,area_sqft,price_per_sqft
Prahlad Nagar,Prahlad Nagar,4.0,271.0,1828.0,7200.0
Prahlad Nagar,Prahlad Nagar,4.0,400.0,4015.0,9963.0
Prahlad Nagar,Prahlad Nagar,4.0,285.0,2651.0,10751.0
Prahlad Nagar,Prahlad Nagar,4.0,271.0,2035.0,7200.0
Prahlad Nagar,Prahlad Nagar,4.0,271.0,1828.0,7200.0
Prahlad Nagar,Prahlad Nagar,4.0,272.0,3777.0,7201.0
Prahlad Nagar,Prahlad Nagar,4.0,240.0,3150.0,7619.0
Prahlad Nagar,Prahlad Nagar,4.0,278.0,2335.0,7400.0
Prahlad Nagar,Prahlad Nagar,4.0,271.0,2075.0,7200.0
Prahlad Nagar,Prahlad Nagar,3.0,200.0,1519.0,9877.0
Prahlad Nagar,Prahlad Nagar,5.0,266.0,3550.0,7493.0
Prahlad Nagar,Prahlad Nagar,3.0,150.0,1193.0,8798.0
Prahlad Nagar,Prahlad Nagar,2.0,95.0,862.0,7600.0
Prahlad Nagar,Prahlad Nagar,4.0,271.0,1940.0,7200.0
Prahlad Nagar,Prahlad Nagar,3.0,155.0,1100.0,8031.0
Prahlad Nagar,Prahlad Nagar,2.0,77.0,800.0,5923.0
Prahlad Nagar,Prahlad Nagar,3.0,215.0,2133.0,10165.0
Prahlad Nagar,Prahlad Nagar,3.0,155.0,204.0,8442.0
Prahlad Nagar,Prahlad Nagar,3.0,135.0,1300.0,6585.0
Prahlad Nagar,Prahlad Nagar,4.0,255.0,1650.0,9273.0
Prahlad Nagar,Prahlad Nagar,3.0,160.0,1710.0,9357.0
Prahlad Nagar,Prahlad Nagar,4.0,271.0,2075.0,7200.0
Prahlad Nagar,Prahlad Nagar,4.0,320.0,2394.0,9357.0
Prahlad Nagar,Prahlad Nagar,4.0,271.0,1981.0,7200.0
Prahlad Nagar,Prahlad Nagar,3.0,125.0,1282.0,6823.0
Prahlad Nagar,Prahlad Nagar,3.0,135.0,1298.0,6238.0
Prahlad Nagar,Prahlad Nagar,4.0,269.0,2201.0,7912.0
Prahlad Nagar,Prahlad Nagar,3.0,185.0,1306.0,9204.0
Prahlad Nagar,Prahlad Nagar,4.0,271.0,1828.0,7200.0
Prahlad Nagar,Prahlad Nagar,3.0,205.0,1436.0,8296.0
Prahlad Nagar,Prahlad Nagar,4.0,450.0,400.0,12500.0
Prahlad Nagar,Prahlad Nagar,3.0,165.0,1120.0,8296.0
Prahlad Nagar,Prahlad Nagar,4.0,205.0,2448.0,8374.0
Prahlad Nagar,Prahlad Nagar,3.0,150.0,1705.0,8798.0
Prahlad Nagar,Prahlad Nagar,3.0,190.0,1540.0,8636.0
Prahlad Nagar,Prahlad Nagar,3.0,110.0,1593.0,6905.0
Prahlad Nagar,Prahlad Nagar,3.0,110.0,1705.0,6452.0
Prahlad Nagar,Prahlad Nagar,3.0,150.0,1023.0,8798.0
Prahlad Nagar,Prahlad Nagar,2.0,75.8,1368.0,5541.0
Prahlad Nagar,Prahlad Nagar,3.0,155.0,2050.0,7561.0
Prahlad Nagar,Prahlad Nagar,3.0,175.0,1989.0,8798.0
Prahlad Nagar,Prahlad Nagar,3.0,170.0,2050.0,8293.0
Prahlad Nagar,Prahlad Nagar,2.0,75.0,750.0,6944.0
Prahlad Nagar,Prahlad Nagar,3.0,170.0,1220.0,9038.0
Prahlad Nagar,Prahlad Nagar,3.0,112.0,1818.0,6161.0
Prahlad Nagar,Prahlad Nagar,3.0,120.0,1174.0,7151.0
Prahlad Nagar,Prahlad Nagar,2.0,68.0,1050.0,6476.0
Prahlad Nagar,Prahlad Nagar,3.0,155.0,1200.0,8031.0
Prahlad Nagar,Prahlad Nagar,3.0,107.0,1440.0,7431.0
Prahlad Nagar,Prahlad Nagar,3.0,110.0,1440.0,7639.0
Prahlad Nagar,Prahlad Nagar,4.0,360.0,4077.0,8830.0
Prahlad Nagar,Prahlad Nagar,3.0,175.0,2010.0,8706.0
Prahlad Nagar,Prahlad Nagar,2.0,55.0,1017.0,5408.0
Prahlad Nagar,Prahlad Nagar,3.0,110.0,1134.0,6790.0
Prahlad Nagar,Prahlad Nagar,3.0,125.0,1050.0,7440.0
Prahlad Nagar,Prahlad Nagar,2.0,77.5,731.0,8867.0
Prahlad Nagar,Prahlad Nagar,2.0,66.0,1200.0,5893.0
Prahlad Nagar,Prahlad Nagar,3.0,110.0,1678.0,6555.0
Prahlad Nagar,Prahlad Nagar,3.0,95.0,1450.0,6552.0
Prahlad Nagar,Prahlad Nagar,3.0,98.0,1440.0,6806.0
Prahlad Nagar,Prahlad Nagar,3.0,135.0,1400.0,7714.0
Prahlad Nagar,Prahlad Nagar,2.0,59.0,900.0,6211.0
Prahlad Nagar,Prahlad Nagar,1.0,16.0,600.0,2500.0
Prahlad Nagar,Prahlad Nagar,2.0,76.0,1070.0,7103.0
Prahlad Nagar,Prahlad Nagar,3.0,92.0,1485.0,6195.0
Prahlad Nagar,Prahlad Nagar,2.0,54.0,1080.0,5000.0
Prahlad Nagar,Prahlad Nagar,4.0,190.0,2505.0,7585.0
Prahlad Nagar,Prahlad Nagar,2.0,65.0,1050.0,6190.0
Prahlad Nagar,Prahlad Nagar,3.0,82.0,1415.0,4925.0
Prahlad Nagar,Prahlad Nagar,3.0,125.0,1665.0,7508.0
Prahlad Nagar,Prahlad Nagar,3.0,99.0,1818.0,5448.0
Prahlad Nagar,Prahlad Nagar,3.0,155.0,1930.0,8031.0
Prahlad Nagar,Prahlad Nagar,3.0,110.0,1665.0,6607.0
Prahlad Nagar,Prahlad Nagar,2.0,47.0,756.0,4352.0
Prahlad Nagar,Prahlad Nagar,4.0,400.0,4015.0,13267.0
Prahlad Nagar,Prahlad Nagar,3.0,215.0,2052.0,10478.0
Prahlad Nagar,Prahlad Nagar,4.0,275.0,2402.0,8013.0
Prahlad Nagar,Prahlad Nagar,4.0,256.0,3772.0,6800.0
Prahlad Nagar,Prahlad Nagar,4.0,250.0,2727.0,9168.0
Prahlad Nagar,Prahlad Nagar,2.0,75.0,990.0,5787.0
Prahlad Nagar,Prahlad Nagar,3.0,322.0,1337.0,13251.0
Prahlad Nagar,Prahlad Nagar,4.0,350.0,3800.0,9211.0
Prahlad Nagar,Prahlad Nagar,4.0,338.0,2242.0,8300.0
Prahlad Nagar,Prahlad Nagar,4.0,265.0,2200.0,7721.0
Prahlad Nagar,Prahlad Nagar,3.0,132.0,1080.0,6893.0
Prahlad Nagar,Prahlad Nagar,3.0,140.0,1746.0,8018.0
Prahlad Nagar,Prahlad Nagar,4.0,400.0,4015.0,13267.0
Prahlad Nagar,Prahlad Nagar,3.0,215.0,2052.0,10478.0
Prahlad Nagar,Prahlad Nagar,4.0,275.0,2402.0,8013.0
Prahlad Nagar,Prahlad Nagar,4.0,256.0,3772.0,6800.0
Prahlad Nagar,Prahlad Nagar,4.0,250.0,2727.0,9168.0
Prahlad Nagar,Prahlad Nagar,2.0,75.0,990.0,5787.0
Prahlad Nagar,Prahlad Nagar,3.0,322.0,1337.0,13251.0
Prahlad Nagar,Prahlad Nagar,4.0,350.0,3800.0,9211.0
Prahlad Nagar,Prahlad Nagar,4.0,338.0,2242.0,8300.0
Prahlad Nagar,Prahlad Nagar,4.0,265.0,2200.0,7721.0
Prahlad Nagar,Prahlad Nagar,3.0,132.0,1080.0,6893.0
Prahlad Nagar,Prahlad Nagar,3.0,140.0,1746.0,8018.0
Prahlad Nagar,Prahlad Nagar,3.0,160.0,1311.0,7323.0
Prahlad Nagar,Prahlad Nagar,2.0,75.0,840.0,5357.0
Prahlad Nagar,Prahlad Nagar,4.0,180.0,1401.0,7353.0
Prahlad Nagar,Prahlad Nagar,4.0,255.0,1595.0,9273.0
Prahlad Nagar,Prahlad Nagar,1.0,38.0,650.0,5846.0
Prahlad Nagar,Prahlad Nagar,3.0,125.0,1400.0,7937.0
Prahlad Nagar,Prahlad Nagar,3.0,115.0,1715.0,6706.0
Prahlad Nagar,Prahlad Nagar,3.0,90.0,1485.0,6061.0
Prahlad Nagar,Prahlad Nagar,3.0,125.0,1102.0,7937.0
Prahlad Nagar,Prahlad Nagar,3.0,93.0,1165.0,5586.0
Prahlad Nagar,Prahlad Nagar,5.0,220.0,3275.0,6718.0
Prahlad Nagar,Prahlad Nagar,3.0,190.0,2200.0,8636.0
Prahlad Nagar,Prahlad Nagar,4.0,255.0,1665.0,9273.0
Prahlad Nagar,Prahlad Nagar,4.0,310.0,3800.0,8158.0
Prahlad Nagar,Prahlad Nagar,2.0,62.0,900.0,6561.0
Prahlad Nagar,Prahlad Nagar,4.0,365.0,2145.0,9359.0
Prahlad Nagar,Prahlad Nagar,3.0,151.0,1620.0,9321.0
Prahlad Nagar,Prahlad Nagar,4.0,400.0,4015.0,13267.0
Prahlad Nagar,Prahlad Nagar,3.0,215.0,2052.0,10478.0
Prahlad Nagar,Prahlad Nagar,4.0,275.0,2402.0,8013.0
Prahlad Nagar,Prahlad Nagar,4.0,256.0,3772.0,6800.0
Prahlad Nagar,Prahlad Nagar,4.0,250.0,2727.0,9168.0
Prahlad Nagar,Prahlad Nagar,2.0,75.0,990.0,5787.0
Prahlad Nagar,Prahlad Nagar,3.0,322.0,1337.0,13251.0
Prahlad Nagar,Prahlad Nagar,4.0,350.0,3800.0,9211.0
Prahlad Nagar,Prahlad Nagar,4.0,338.0,2242.0,8300.0
Prahlad Nagar,Prahlad Nagar,4.0,265.0,2200.0,7721.0
Prahlad Nagar,Prahlad Nagar,3.0,132.0,1080.0,6893.0
Prahlad Nagar,Prahlad Nagar,3.0,140.0,1746.0,8018.0
Prahlad Nagar,Prahlad Nagar,3.0,160.0,1311.0,7323.0
Prahlad Nagar,Prahlad Nagar,2.0,75.0,840.0,5357.0
Prahlad Nagar,Prahlad Nagar,4.0,180.0,1401.0,7353.0
Prahlad Nagar,Prahlad Nagar,4.0,255.0,1595.0,9273.0
Prahlad Nagar,Prahlad Nagar,1.0,38.0,650.0,5846.0
Prahlad Nagar,Prahlad Nagar,3.0,125.0,1400.0,7937.0
Prahlad Nagar,Prahlad Nagar,3.0,115.0,1715.0,6706.0
Prahlad Nagar,Prahlad Nagar,3.0,90.0,1485.0,6061.0
Prahlad Nagar,Prahlad Nagar,3.0,125.0,1102.0,7937.0
Prahlad Nagar,Prahlad Nagar,3.0,93.0,1165.0,5586.0
Prahlad Nagar,Prahlad Nagar,5.0,220.0,3275.0,6718.0
Prahlad Nagar,Prahlad Nagar,3.0,190.0,2200.0,8636.0
Prahlad Nagar,Prahlad Nagar,4.0,255.0,1665.0,9273.0
Prahlad Nagar,Prahlad Nagar,4.0,310.0,3800.0,8158.0
Prahlad Nagar,Prahlad Nagar,2.0,62.0,900.0,6561.0
Prahlad Nagar,Prahlad Nagar,4.0,365.0,2145.0,9359.0
Prahlad Nagar,Prahlad Nagar,3.0,151.0,1620.0,9321.0
Bopal,Bopal,3.0,87.0,1850.0,4703.0
Bopal,Bopal,5.0,345.0,2866.0,6654.0
Bopal,Bopal,3.0,78.6,1725.0,4558.0
Bopal,Bopal,3.0,76.5,1750.0,4371.0
Bopal,Bopal,3.0,133.0,1283.0,5500.0
Bopal,Bopal,5.0,253.0,2535.0,5500.0
Bopal,Bopal,5.0,253.0,2535.0,5500.0
Bopal,Bopal,4.0,259.0,2114.0,6750.0
Bopal,Bopal,4.0,237.0,2097.0,6000.0
Bopal,Bopal,3.0,61.6,925.0,3600.0
Bopal,Bopal,4.0,120.0,2700.0,4480.0
Bopal,Bopal,3.0,84.0,1750.0,4800.0
Bopal,Bopal,4.0,267.0,2097.0,6750.0
Bopal,Bopal,3.0,133.0,1283.0,5500.0
Bopal,Bopal,4.0,230.0,2900.0,7797.0
Bopal,Bopal,3.0,71.8,1795.0,4000.0
Bopal,Bopal,3.0,80.0,968.0,4457.0
Bopal,Bopal,5.0,270.0,5405.0,5000.0
Bopal,Bopal,3.0,145.0,1283.0,6000.0
Bopal,Bopal,4.0,217.0,2097.0,5500.0
Bopal,Bopal,3.0,89.0,965.0,5071.0
Bopal,Bopal,3.0,145.0,1290.0,7305.0
Bopal,Bopal,4.0,268.0,2145.0,6872.0
Bopal,Bopal,4.0,217.0,2097.0,5500.0
Bopal,Bopal,2.0,57.4,757.0,4100.0
Bopal,Bopal,4.0,306.0,1700.0,9500.0
Bopal,Bopal,3.0,85.0,1795.0,4735.0
Bopal,Bopal,4.0,210.0,2100.0,5850.0
Bopal,Bopal,3.0,78.0,1017.0,4216.0
Bopal,Bopal,3.0,80.0,1061.0,4522.0
Bopal,Bopal,4.0,450.0,3000.0,7640.0
Bopal,Bopal,2.0,45.7,699.0,3600.0
Bopal,Bopal,3.0,79.6,973.0,4500.0
Bopal,Bopal,3.0,89.1,968.0,5075.0
Bopal,Bopal,3.0,78.3,802.0,5118.0
Bopal,Bopal,2.0,56.3,737.0,4400.0
Bopal,Bopal,3.0,79.6,973.0,4500.0
Bopal,Bopal,3.0,73.0,962.0,4011.0
Bopal,Bopal,3.0,66.4,1795.0,3700.0
Bopal,Bopal,2.0,46.4,710.0,3600.0
Bopal,Bopal,3.0,103.0,973.0,5873.0
Bopal,Bopal,3.0,101.0,1184.0,5969.0
Bopal,Bopal,3.0,68.0,836.0,4722.0
Bopal,Bopal,4.0,235.0,4200.0,5595.0
Bopal,Bopal,3.0,97.3,973.0,5500.0
Bopal,Bopal,3.0,88.5,973.0,5000.0
Bopal,Bopal,3.0,76.0,867.0,4903.0
Bopal,Bopal,3.0,71.0,1590.0,4465.0
Bopal,Bopal,2.0,60.0,535.0,7843.0
Bopal,Bopal,3.0,87.0,1435.0,6063.0
Bopal,Bopal,3.0,85.0,1435.0,5923.0
Bopal,Bopal,4.0,225.0,2610.0,8621.0
Bopal,Bopal,3.0,98.0,969.0,7076.0
Bopal,Bopal,3.0,250.0,2220.0,11261.0
Bopal,Bopal,4.0,132.0,1815.0,4000.0
Bopal,Bopal,3.0,145.0,1300.0,6988.0
Bopal,Bopal,3.0,75.0,1500.0,5000.0
Bopal,Bopal,3.0,65.0,910.0,4377.0
Bopal,Bopal,3.0,90.0,914.0,5014.0
Bopal,Bopal,3.0,75.0,1450.0,5172.0
Bopal,Bopal,3.0,72.6,1080.0,3723.0
Bopal,Bopal,3.0,85.0,850.0,5862.0
Bopal,Bopal,3.0,77.9,968.0,4450.0
Bopal,Bopal,4.0,238.0,2114.0,6200.0
Bopal,Bopal,3.0,104.0,973.0,5900.0
Bopal,Bopal,3.0,70.0,1700.0,4118.0
Bopal,Bopal,4.0,192.0,2200.0,5000.0
Bopal,Bopal,4.0,410.0,1980.0,9350.0
Bopal,Bopal,3.0,96.0,812.0,6553.0
Bopal,Bopal,3.0,73.0,1880.0,3883.0
Bopal,Bopal,4.0,148.0,1918.0,4485.0
Bopal,Bopal,2.0,58.0,616.0,5179.0
Bopal,Bopal,3.0,90.0,880.0,5625.0
Bopal,Bopal,2.0,46.4,1080.0,4300.0
Bopal,Bopal,2.0,68.0,888.0,5359.0
Bopal,Bopal,3.0,200.0,1365.0,10256.0
Bopal,Bopal,3.0,110.0,1200.0,5314.0
Bopal,Bopal,3.0,86.0,1750.0,8884.0
Bopal,Bopal,3.0,69.0,1755.0,3932.0
Bopal,Bopal,4.0,244.0,2114.0,6346.0
Bopal,Bopal,3.0,85.0,968.0,4857.0
Bopal,Bopal,3.0,145.0,1151.0,7305.0
Bopal,Bopal,4.0,250.0,1800.0,9009.0
Bopal,Bopal,4.0,180.0,3300.0,5455.0
Bopal,Bopal,4.0,265.0,3800.0,6974.0
Bopal,Bopal,2.0,61.0,680.0,5083.0
Bopal,Bopal,3.0,150.0,2214.0,6775.0
Bopal,Bopal,3.0,75.0,797.0,5172.0
Bopal,Bopal,3.0,90.0,1655.0,5438.0
Bopal,Bopal,4.0,216.0,1968.0,6100.0
Bopal,Bopal,3.0,160.0,2200.0,7273.0
Bopal,Bopal,2.0,68.0,738.0,5342.0
Bopal,Bopal,3.0,70.0,968.0,3989.0
Bopal,Bopal,5.0,451.0,3260.0,8032.0
Bopal,Bopal,3.0,130.0,1231.0,6500.0
Bopal,Bopal,3.0,125.0,1746.0,7159.0
Bopal,Bopal,4.0,400.0,4000.0,10000.0
Bopal,Bopal,3.0,270.0,1455.0,11134.0
Bopal,Bopal,2.0,59.0,1200.0,4917.0
Bopal,Bopal,3.0,89.5,1008.0,6216.0
Bopal,Bopal,4.0,196.0,1936.0,5485.0
Bopal,Bopal,3.0,150.0,2214.0,6775.0
Bopal,Bopal,3.0,75.0,1435.0,5226.0
Bopal,Bopal,3.0,150.0,1755.0,8547.0
Bopal,Bopal,3.0,106.0,1830.0,5792.0
Bopal,Bopal,3.0,90.0,1210.0,4091.0
Bopal,Bopal,3.0,80.0,900.0,5161.0
Bopal,Bopal,4.0,250.0,2175.0,7812.0
Bopal,Bopal,2.0,68.0,1273.0,5342.0
Bopal,Bopal,2.0,90.0,752.0,6429.0
Bopal,Bopal,3.0,85.0,1795.0,4735.0
Bopal,Bopal,4.0,260.0,2610.0,9962.0
Bopal,Bopal,2.0,48.0,1200.0,4000.0
Bopal,Bopal,3.0,82.0,968.0,4824.0
Bopal,Bopal,2.0,69.0,700.0,5391.0
Bopal,Bopal,4.0,132.0,1900.0,4000.0
Bopal,Bopal,3.0,77.0,1490.0,5168.0
Bopal,Bopal,2.0,75.0,830.0,5703.0
Bopal,Bopal,4.0,163.0,2960.0,5507.0
Bopal,Bopal,4.0,173.0,2114.0,4500.0
Bopal,Bopal,3.0,111.0,923.0,6873.0
Bopal,Bopal,3.0,140.0,2160.0,6481.0
Bopal,Bopal,1.0,30.0,646.0,4644.0
Bopal,Bopal,4.0,191.0,2610.0,7318.0
Bopal,Bopal,3.0,70.5,1795.0,3928.0
Bopal,Bopal,2.0,75.0,926.0,5669.0
Bopal,Bopal,3.0,53.0,1485.0,3570.0
Bopal,Bopal,2.0,60.0,999.0,6006.0
Bopal,Bopal,3.0,67.5,968.0,3649.0
Bopal,Bopal,3.0,51.0,1485.0,3434.0
Bopal,Bopal,3.0,51.0,1500.0,3400.0
Bopal,Bopal,3.0,47.5,1485.0,3200.0
Bopal,Bopal,3.0,125.0,1760.0,7102.0
Bopal,Bopal,2.0,53.5,1082.0,4944.0
Bopal,Bopal,3.0,60.0,1440.0,8000.0
Bopal,Bopal,3.0,74.0,1750.0,4229.0
Bopal,Bopal,2.0,70.0,1260.0,5556.0
Bopal,Bopal,2.0,51.0,700.0,4843.0
Bopal,Bopal,3.0,70.0,980.0,4000.0
Bopal,Bopal,3.0,87.8,1950.0,4500.0
Bopal,Bopal,3.0,150.0,1465.0,10239.0
Bopal,Bopal,2.0,48.0,550.0,4558.0
Bopal,Bopal,3.0,78.0,1945.0,4010.0
Bopal,Bopal,4.0,160.0,2310.0,4848.0
Bopal,Bopal,3.0,80.0,1316.0,4253.0
Bopal,Bopal,3.0,82.0,1755.0,4672.0
Satellite,Satellite,4.0,374.0,2114.0,8500.0
Satellite,Satellite,4.0,303.0,2083.0,8000.0
Satellite,Satellite,4.0,357.0,1890.0,8500.0
Satellite,Satellite,3.0,248.0,3100.0,8000.0
Satellite,Satellite,4.0,325.0,3105.0,10467.0
Satellite,Satellite,4.0,357.0,2300.0,8500.0
Satellite,Satellite,4.0,407.0,2540.0,8500.0
Satellite,Satellite,4.0,325.0,350.0,10317.0
Satellite,Satellite,3.0,190.0,1200.0,10556.0
Satellite,Satellite,3.0,185.0,1290.0,9343.0
Satellite,Satellite,4.0,392.0,2137.0,10090.0
Satellite,Satellite,4.0,330.0,2700.0,12222.0
Satellite,Satellite,3.0,300.0,1740.0,15798.0
Satellite,Satellite,4.0,315.0,1620.0,11667.0
Satellite,Satellite,3.0,140.0,1494.0,9371.0
Satellite,Satellite,2.0,76.0,770.0,6909.0
Satellite,Satellite,3.0,211.0,2088.0,10105.0
Satellite,Satellite,2.0,95.0,1150.0,5429.0
Satellite,Satellite,2.0,170.0,1800.0,8500.0
Satellite,Satellite,4.0,450.0,2545.0,11494.0
Satellite,Satellite,3.0,200.0,250.0,8889.0
Satellite,Satellite,4.0,395.0,2700.0,8061.0
Satellite,Satellite,3.0,140.0,1258.0,7407.0
Satellite,Satellite,3.0,155.0,2000.0,7750.0
Satellite,Satellite,4.0,151.0,3465.0,4358.0
Satellite,Satellite,3.0,135.0,2100.0,6429.0
Satellite,Satellite,3.0,185.0,1155.0,9463.0
Satellite,Satellite,3.0,285.0,1701.0,11728.0
Satellite,Satellite,2.0,87.0,900.0,7005.0
Satellite,Satellite,4.0,365.0,4500.0,13186.0
Satellite,Satellite,3.0,170.0,1791.0,9492.0
Satellite,Satellite,2.0,77.0,1170.0,6581.0
Satellite,Satellite,3.0,185.0,1737.0,16087.0
Satellite,Satellite,3.0,160.0,1050.0,9143.0
Satellite,Satellite,3.0,151.0,1330.0,7947.0
Satellite,Satellite,3.0,235.0,1370.0,10217.0
Satellite,Satellite,3.0,160.0,1050.0,8000.0
Satellite,Satellite,4.0,300.0,12800.0,9662.0
Satellite,Satellite,3.0,120.0,1050.0,7317.0
Satellite,Satellite,3.0,250.0,1513.0,9579.0
Satellite,Satellite,4.0,190.0,1765.0,7540.0
Satellite,Satellite,4.0,255.0,1871.0,7500.0
Satellite,Satellite,4.0,152.0,2430.0,6255.0
Satellite,Satellite,3.0,88.0,1305.0,4889.0
Satellite,Satellite,3.0,130.0,1417.0,6420.0
Satellite,Satellite,3.0,208.0,2781.0,7479.0
Satellite,Satellite,3.0,135.0,2000.0,6750.0
Satellite,Satellite,2.0,62.0,1257.0,4769.0
Satellite,Satellite,3.0,135.0,1260.0,8571.0
Satellite,Satellite,3.0,130.0,2000.0,6500.0
Satellite,Satellite,3.0,190.0,2250.0,8444.0
Satellite,Satellite,3.0,135.0,2000.0,6750.0
Satellite,Satellite,2.0,65.0,1260.0,5159.0
Satellite,Satellite,2.0,95.0,900.0,8120.0
Satellite,Satellite,2.0,95.0,1750.0,5429.0
Satellite,Satellite,2.0,63.0,850.0,6364.0
Satellite,Satellite,2.0,65.0,900.0,6566.0
Satellite,Satellite,3.0,145.0,900.0,8056.0
Satellite,Satellite,3.0,140.0,1910.0,7330.0
Satellite,Satellite,2.0,70.0,900.0,7143.0
Satellite,Satellite,3.0,165.0,1910.0,8639.0
Satellite,Satellite,2.0,50.0,650.0,6460.0
Satellite,Satellite,2.0,72.0,1080.0,6667.0
Satellite,Satellite,4.0,140.0,2000.0,6763.0
Satellite,Satellite,1.0,47.5,603.0,5864.0
Satellite,Satellite,4.0,135.0,265.0,5660.0
Satellite,Satellite,3.0,71.0,1600.0,4438.0
Satellite,Satellite,2.0,86.0,1080.0,7167.0
Satellite,Satellite,2.0,66.0,1280.0,5156.0
Satellite,Satellite,5.0,180.0,2200.0,5000.0
Satellite,Satellite,3.0,200.0,1680.0,8889.0
Satellite,Satellite,2.0,51.0,567.0,8995.0
Satellite,Satellite,2.0,77.0,1021.0,7542.0
Satellite,Satellite,3.0,89.0,1305.0,6820.0
Satellite,Satellite,2.0,65.0,1305.0,4981.0
Satellite,Satellite,3.0,133.0,2088.0,6370.0
Satellite,Satellite,3.0,131.0,2088.0,6300.0
Satellite,Satellite,3.0,131.0,2088.0,6274.0
Satellite,Satellite,3.0,133.0,2000.0,6650.0
Satellite,Satellite,1.0,36.0,500.0,7200.0
Satellite,Satellite,2.0,60.0,1170.0,5128.0
Satellite,Satellite,2.0,89.0,850.0,6593.0
Satellite,Satellite,3.0,263.0,2018.0,8500.0
Satellite,Satellite,4.0,407.0,2155.0,8500.0
Satellite,Satellite,3.0,150.0,1950.0,7692.0
Satellite,Satellite,4.0,352.0,4400.0,8000.0
Satellite,Satellite,4.0,314.0,1960.0,8500.0
Satellite,Satellite,3.0,240.0,2000.0,12000.0
Satellite,Satellite,4.0,325.0,2300.0,8553.0
Satellite,Satellite,4.0,285.0,1402.0,7500.0
Satellite,Satellite,3.0,155.0,1800.0,8611.0
Satellite,Satellite,3.0,200.0,1737.0,11514.0
Satellite,Satellite,3.0,185.0,1200.0,9136.0
Satellite,Satellite,4.0,300.0,3105.0,9662.0
Satellite,Satellite,2.0,76.0,1080.0,6909.0
Satellite,Satellite,3.0,211.0,2088.0,10105.0
Satellite,Satellite,3.0,155.0,2000.0,7750.0
Satellite,Satellite,3.0,155.0,1692.0,7329.0
Satellite,Satellite,4.0,390.0,2150.0,9750.0
Satellite,Satellite,2.0,88.0,1345.0,6543.0
Satellite,Satellite,3.0,225.0,1358.0,9783.0
Satellite,Satellite,3.0,200.0,1650.0,10000.0
Satellite,Satellite,4.0,490.0,2500.0,12516.0
Satellite,Satellite,3.0,165.0,2000.0,8250.0
Satellite,Satellite,3.0,140.0,1287.0,7588.0
Satellite,Satellite,3.0,140.0,1650.0,8485.0
Satellite,Satellite,3.0,190.0,1912.0,8444.0
SBR,Vastral,4.0,138.0,412.0,3741.0
SBR,Chharodi,4.0,225.0,387.0,6460.0
SBR,Naranpura,3.0,147.0,1164.0,6990.0
SBR,Naranpura,3.0,119.0,1158.0,5651.0
SBR,Chharodi,3.0,149.0,1057.0,5998.0
SBR,Shela,3.0,96.0,968.0,5255.0
SBR,Bopal,3.0,87.0,1850.0,4703.0
SBR,Jagatpur,4.0,197.0,1856.0,5837.0
SBR,Shela,3.0,96.0,968.0,5255.0
SBR,Tragad,2.0,60.5,1422.0,4252.0
SBR,Science City,3.0,181.0,1400.0,6500.0
SBR,Daskroi,3.0,88.5,1751.0,5055.0
SBR,Bhuyangdev Cross Road,3.0,128.0,1350.0,5644.0
SBR,Shilaj,3.0,103.0,968.0,5915.0
SBR,Vaishnodevi Circle,4.0,277.0,2345.0,6500.0
SBR,Thaltej,4.0,310.0,2088.0,8908.0
SBR,Vaishnodevi Circle,4.0,160.0,3222.0,4968.0
SBR,New Ranip,3.0,76.6,926.0,4548.0
SBR,Shela,2.0,46.9,1067.0,4396.0
SBR,Bodakdev,4.0,387.0,4349.0,8899.0
SBR,Ambli,4.0,228.0,1750.0,7200.0
SBR,Sola,5.0,444.0,388.0,7000.0
SBR,Bopal,3.0,133.0,1283.0,5500.0
SBR,Vasna,3.0,92.3,1720.0,5365.0
SBR,Bopal,5.0,253.0,2535.0,5500.0
SBR,Bopal,5.0,253.0,2535.0,5500.0
SBR,Naranpura,3.0,127.0,960.0,6997.0
SBR,Thaltej,3.0,151.0,2099.0,7194.0
SBR,Ambawadi,3.0,181.0,2415.0,7500.0
SBR,Vaishnodevi Circle,4.0,286.0,2084.0,13764.0
SBR,Shela,3.0,81.1,1700.0,4770.0
SBR,Shantigram,4.0,386.0,5450.0,7100.0
SBR,Ghatlodiya,4.0,156.0,1547.0,5350.0
SBR,Jagatpur,4.0,140.0,1450.0,6332.0
SBR,Sindhu Bhavan Marg,4.0,275.0,2700.0,10185.0
SBR,Vaishnodevi Circle,4.0,157.0,3015.0,5222.0
SBR,Shilaj,4.0,220.0,1801.0,7000.0
SBR,Shivranjani,3.0,153.0,2088.0,7335.0
SBR,Gita Mandir,3.0,103.0,1000.0,6216.0
SBR,Corporate Road,4.0,247.0,2335.0,6550.0
SBR,Sanand Sarkhej Road,3.0,103.0,1168.0,4500.0
SBR,Chharodi,4.0,277.0,2396.0,11561.0
SBR,Bopal,4.0,120.0,2700.0,4480.0
SBR,Shela,3.0,80.0,1750.0,4571.0
SBR,Bopal,4.0,267.0,2097.0,6750.0
SBR,Vaishnodevi Circle,4.0,172.0,1660.0,5705.0
SBR,Thaltej,4.0,317.0,2461.0,7100.0
SBR,Shilaj,3.0,79.2,968.0,4500.0
SBR,Shilaj,3.0,84.9,963.0,4850.0
SBR,Bopal,4.0,230.0,2900.0,7797.0
SBR,Chamunda Nagar New Ranip,3.0,109.0,1205.0,4984.0
SBR,Sola,4.0,228.0,223.0,6262.0
SBR,Bodakdev,4.0,287.0,3380.0,8500.0
SBR,Bodakdev,4.0,291.0,1767.0,8769.0
SBR,Sanathal,3.0,102.0,1200.0,4300.0
SBR,Thaltej Shilaj Road,4.0,304.0,4235.0,7200.0
SBR,Vaishnodevi Circle,3.0,70.0,794.0,4548.0
SBR,Tragad,4.0,167.0,1928.0,5200.0
SBR,Ambawadi,4.0,200.0,3150.0,6349.0
SBR,Bopal,4.0,217.0,2097.0,5500.0
SBR,Godhavi,4.0,185.0,2456.0,4744.0
SBR,Hebatpur,4.0,312.0,2542.0,6750.0
SBR,Drive In Road,4.0,325.0,1980.0,9045.0
SBR,Friends Colony Bodakdev,4.0,500.0,2700.0,9200.0
SBR,Tragad,2.0,58.7,602.0,8268.0
SBR,Tragad,3.0,75.5,968.0,4092.0
SBR,Prahlad Nagar,4.0,271.0,1828.0,7200.0
SBR,Bopal,3.0,85.0,1795.0,4735.0
SBR,Bopal,4.0,210.0,2100.0,5850.0
SBR,Gota,3.0,115.0,1361.0,4646.0
SBR,Shela,3.0,75.8,1750.0,4329.0
SBR,Shela,3.0,95.0,1210.0,4318.0
SBR,Shantipura Circle,3.0,112.0,2335.0,4800.0
SBR,Gota,4.0,182.0,1900.0,5300.0
SBR,Prahlad Nagar,4.0,272.0,3777.0,7201.0
SBR,Vaishnodevi Circle,4.0,156.0,1660.0,5200.0
SBR,Abhishek Society,4.0,450.0,3000.0,7640.0
SBR,Zundal,2.0,57.0,742.0,4222.0
SBR,Sector 7 South Bopal,3.0,89.1,968.0,5075.0
SBR,Shela,4.0,212.0,4075.0,5202.0
SBR,Linkin Road,4.0,147.0,1705.0,4340.0
SBR,Sarkhej,4.0,177.0,1776.0,5500.0
SBR,Shilaj,4.0,420.0,2500.0,8000.0
SBR,Shela,2.0,54.5,709.0,4225.0
SBR,Shela,2.0,60.0,702.0,4651.0
SBR,Shela,3.0,79.0,942.0,4514.0
SBR,Chandkheda,3.0,75.9,902.0,4600.0
SBR,Narolgam,2.0,27.0,756.0,2500.0
SBR,Shela,3.0,75.0,1761.0,4259.0
SBR,Shilaj,4.0,166.0,1800.0,4800.0
SBR,Gota Gam,3.0,145.0,1190.0,5500.0
SBR,Ghuma,2.0,49.7,1275.0,3898.0
SBR,Shela,3.0,72.0,1827.0,3941.0
SBR,Shilaj,2.0,60.8,720.0,4500.0
SBR,Vaishnodevi Circle,2.0,95.0,1350.0,7037.0
SBR,Motera,3.0,77.9,1014.0,4222.0
SBR,Navrangpura,3.0,130.0,1323.0,6878.0
SBR,Jagatpur Road,2.0,42.4,1000.0,4240.0
SBR,Shantipura Circle,4.0,155.0,1824.0,4700.0
SBR,Shilaj,4.0,311.0,2620.0,6520.0
SBR,Science Park,4.0,398.0,2838.0,7011.0
SBR,Thaltej,3.0,155.0,1745.0,8883.0
SBR,Gota,2.0,80.0,1071.0,5229.0
SBR,Ambli,4.0,372.0,2409.0,8500.0
SBR,Bopal,3.0,101.0,1184.0,5969.0
SBR,Shela,3.0,99.8,968.0,5463.0
SBR,Satellite,3.0,300.0,1740.0,15798.0
SBR,Shilaj,3.0,97.3,965.0,5545.0
SBR,Vraj Vihar Vastral,2.0,39.6,740.0,2574.0
SBR,Koteshwar,4.0,345.0,358.0,5354.0
SBR,New Shahibaug,4.0,134.0,400.0,3722.0
SBR,Gota,3.0,120.0,1226.0,5085.0
SBR,Shilaj,3.0,82.5,965.0,4700.0
SBR,Shilaj,4.0,380.0,2888.0,7250.0
SBR,Satellite,2.0,76.0,770.0,6909.0
SBR,Science City,3.0,88.0,1228.0,5014.0
SBR,Shela,3.0,190.0,1507.0,6934.0
SBR,Ghatlodiya,2.0,65.0,724.0,6280.0
SBR,Gota,3.0,120.0,1096.0,5772.0
SBR,Makarba,3.0,135.0,1050.0,7050.0
SBR,Gota,3.0,130.0,1968.0,6606.0
SBR,Bopal Shilaj Road,3.0,98.0,861.0,5487.0
SBR,Sarkhej Gandhinagar Highway,2.0,45.5,750.0,6067.0
SBR,Keshav Nagar,3.0,100.0,1512.0,4632.0
SBR,Vastral,3.0,70.0,1575.0,4444.0
SBR,Ghuma,3.0,85.0,1500.0,5667.0
SBR,Vastral,2.0,34.5,1107.0,3117.0
SBR,Sanathal,3.0,68.0,1300.0,3753.0
SBR,Chandra Nagar,3.0,130.0,972.0,8025.0
SBR,SBR,1.0,34.0,550.0,3091.0
Thaltej,Thaltej,4.0,430.0,6015.0,7150.0
Thaltej,Thaltej,4.0,310.0,2088.0,8908.0
Thaltej,Thaltej,4.0,335.0,1983.0,8375.0
Thaltej,Thaltej,4.0,223.0,1752.0,7000.0
Thaltej,Thaltej,3.0,151.0,2099.0,7194.0
Thaltej,Thaltej,4.0,247.0,1521.0,7500.0
Thaltej,Thaltej,4.0,414.0,2778.0,8206.0
Thaltej,Thaltej,4.0,261.0,2052.0,7000.0
Thaltej,Thaltej,4.0,317.0,2461.0,7100.0
Thaltej,Thaltej,4.0,326.0,4470.0,7300.0
Thaltej,Thaltej,4.0,280.0,2200.0,7000.0
Thaltej,Thaltej,4.0,280.0,2200.0,7000.0
Thaltej,Thaltej,4.0,230.0,1885.0,7165.0
Thaltej,Thaltej,4.0,378.0,2778.0,7500.0
Thaltej,Thaltej,4.0,378.0,2778.0,7500.0
Thaltej,Thaltej,3.0,260.0,2394.0,10860.0
Thaltej,Thaltej,4.0,221.0,1742.0,7000.0
Thaltej,Thaltej,4.0,296.0,2287.0,7000.0
Thaltej,Thaltej,4.0,321.0,2324.0,7200.0
Thaltej,Thaltej,3.0,159.0,1015.0,8425.0
Thaltej,Thaltej,3.0,305.0,3737.0,8169.0
Thaltej,Thaltej,4.0,490.0,5400.0,9074.0
Thaltej,Thaltej,4.0,345.0,2095.0,9880.0
Thaltej,Thaltej,4.0,310.0,2720.0,11397.0
Thaltej,Thaltej,3.0,130.0,1485.0,8754.0
Thaltej,Thaltej,4.0,343.0,4636.0,7400.0
Thaltej,Thaltej,4.0,276.0,1976.0,7700.0
Thaltej,Thaltej,4.0,287.0,1845.0,7000.0
Thaltej,Thaltej,3.0,156.0,2050.0,7610.0
Thaltej,Thaltej,3.0,75.9,1850.0,4100.0
Thaltej,Thaltej,3.0,155.0,1745.0,8883.0
Thaltej,Thaltej,4.0,315.0,1234.0,14044.0
Thaltej,Thaltej,4.0,375.0,3600.0,10417.0
Thaltej,Thaltej,4.0,400.0,2035.0,10811.0
Thaltej,Thaltej,4.0,315.0,2361.0,7350.0
Thaltej,Thaltej,4.0,330.0,2845.0,11599.0
Thaltej,Thaltej,4.0,310.0,1850.0,11071.0
Thaltej,Thaltej,2.0,63.0,750.0,6796.0
Thaltej,Thaltej,4.0,474.0,3000.0,8920.0
Thaltej,Thaltej,3.0,165.0,2065.0,7990.0
Thaltej,Thaltej,4.0,311.0,2088.0,8937.0
Thaltej,Thaltej,4.0,269.0,3800.0,7100.0
Thaltej,Thaltej,4.0,292.0,3906.0,7500.0
Thaltej,Thaltej,3.0,132.0,1100.0,6600.0
Thaltej,Thaltej,3.0,115.0,1024.0,6519.0
Thaltej,Thaltej,4.0,400.0,2280.0,10191.0
Thaltej,Thaltej,3.0,190.0,1400.0,7819.0
Thaltej,Thaltej,4.0,475.0,5400.0,8800.0
Thaltej,Thaltej,4.0,348.0,2555.0,7500.0
Thaltej,Thaltej,3.0,167.0,1550.0,7422.0
Thaltej,Thaltej,3.0,160.0,1226.0,7832.0
Thaltej,Thaltej,4.0,325.0,2400.0,8193.0
Thaltej,Thaltej,3.0,115.0,1089.0,6519.0
Thaltej,Thaltej,4.0,400.0,2100.0,10083.0
Thaltej,Thaltej,4.0,404.0,2778.0,8000.0
Thaltej,Thaltej,4.0,315.0,1914.0,9052.0
Thaltej,Thaltej,3.0,270.0,1800.0,11250.0
Thaltej,Thaltej,4.0,400.0,2200.0,10083.0
Thaltej,Thaltej,4.0,316.0,2243.0,7726.0
Thaltej,Thaltej,4.0,260.0,1912.0,7500.0
Thaltej,Thaltej,4.0,235.0,1752.0,7376.0
Thaltej,Thaltej,3.0,170.0,2844.0,5977.0
Thaltej,Thaltej,4.0,289.0,3906.0,7400.0
Thaltej,Thaltej,3.0,140.0,1650.0,8485.0
Thaltej,Thaltej,3.0,200.0,1473.0,8830.0
Thaltej,Thaltej,2.0,72.0,1180.0,6102.0
Thaltej,Thaltej,2.0,78.0,700.0,6190.0
Thaltej,Thaltej,5.0,295.0,2350.0,7284.0
Thaltej,Thaltej,3.0,260.0,1430.0,10860.0
Thaltej,Thaltej,3.0,175.0,2118.0,8263.0
Thaltej,Thaltej,3.0,130.0,1710.0,7602.0
Thaltej,Thaltej,3.0,125.0,1800.0,6944.0
Thaltej,Thaltej,3.0,147.0,1999.0,7354.0
Thaltej,Thaltej,3.0,170.0,2025.0,8395.0
Thaltej,Thaltej,4.0,203.0,3445.0,5900.0
Thaltej,Thaltej,4.0,201.0,3447.0,5850.0
Thaltej,Thaltej,4.0,195.0,3425.0,5700.0
Thaltej,Thaltej,4.0,194.0,3447.0,5650.0
Thaltej,Thaltej,4.0,260.0,340.0,8497.0
Thaltej,Thaltej,4.0,450.0,2800.0,16071.0
Thaltej,Thaltej,2.0,70.0,800.0,5932.0
Thaltej,Thaltej,2.0,79.0,1180.0,6695.0
Thaltej,Thaltej,3.0,130.0,1039.0,8754.0
Thaltej,Thaltej,3.0,90.0,1450.0,5863.0
Thaltej,Thaltej,4.0,325.0,2035.0,8784.0
Thaltej,Thaltej,3.0,140.0,1385.0,10108.0
Thaltej,Thaltej,3.0,300.0,1900.0,9524.0
Thaltej,Thaltej,4.0,311.0,1600.0,10614.0
Thaltej,Thaltej,2.0,67.5,730.0,5769.0
Thaltej,Thaltej,3.0,70.0,819.0,5983.0
Thaltej,Thaltej,4.0,180.0,1804.0,7481.0
Thaltej,Thaltej,3.0,100.0,1000.0,8230.0
Thaltej,Thaltej,3.0,75.0,1260.0,4252.0
Thaltej,Thaltej,3.0,150.0,210.0,7937.0
Thaltej,Thaltej,4.0,325.0,2845.0,11424.0
Thaltej,Thaltej,2.0,80.0,1179.0,6780.0
Thaltej,Thaltej,3.0,125.0,1710.0,7310.0
Thaltej,Thaltej,2.0,73.0,1350.0,5407.0
Thaltej,Thaltej,2.0,69.0,1000.0,5750.0
Thaltej,Thaltej,3.0,160.0,2040.0,7843.0
Thaltej,Thaltej,2.0,70.0,927.0,7551.0
Thaltej,Thaltej,2.0,83.0,1180.0,7034.0
Thaltej,Thaltej,4.0,293.0,2243.0,7185.0
Thaltej,Thaltej,3.0,200.0,1620.0,6173.0
Thaltej,Thaltej,3.0,171.0,2007.0,8520.0
Thaltej,Thaltej,3.0,125.0,899.0,7310.0
Thaltej,Thaltej,3.0,155.0,1745.0,8883.0
Thaltej,Thaltej,3.0,175.0,2100.0,8750.0
Thaltej,Thaltej,2.0,60.0,714.0,5128.0
Thaltej,Thaltej,2.0,70.0,1170.0,5983.0
Thaltej,Thaltej,3.0,121.0,2260.0,5354.0
Thaltej,Thaltej,2.0,62.0,710.0,8732.0
Thaltej,Thaltej,3.0,70.0,1170.0,5983.0
Thaltej,Thaltej,2.0,80.0,1180.0,6780.0
Thaltej,Thaltej,4.0,201.0,3475.0,5800.0
Thaltej,Thaltej,2.0,68.0,550.0,12364.0
Thaltej,Thaltej,4.0,318.0,260.0,7502.0
Thaltej,Thaltej,4.0,500.0,6262.0,8000.0
Thaltej,Thaltej,4.0,493.0,3307.0,8200.0
Thaltej,Thaltej,4.0,285.0,1920.0,8908.0
Thaltej,Thaltej,4.0,310.0,3480.0,8908.0
Thaltej,Thaltej,4.0,221.0,1742.0,7000.0
Thaltej,Thaltej,3.0,148.0,1999.0,7427.0
Thaltej,Thaltej,4.0,266.0,1950.0,6835.0
Thaltej,Thaltej,3.0,125.0,1047.0,6600.0
Thaltej,Thaltej,4.0,260.0,2200.0,6500.0
Thaltej,Thaltej,4.0,269.0,2100.0,7100.0
Thaltej,Thaltej,4.0,292.0,1872.0,7502.0
Thaltej,Thaltej,4.0,261.0,2052.0,7000.0
Thaltej,Thaltej,4.0,329.0,4636.0,7100.0
Thaltej,Thaltej,4.0,316.0,2200.0,7900.0
Naranpura,Naranpura,3.0,147.0,1164.0,6990.0
Naranpura,Naranpura,3.0,119.0,1158.0,5651.0
Naranpura,Naranpura,3.0,120.0,1164.0,5671.0
Naranpura,Naranpura,3.0,127.0,960.0,6997.0
Naranpura,Naranpura,3.0,157.0,1441.0,6000.0
Naranpura,Naranpura,4.0,225.0,2763.0,8143.0
Naranpura,Naranpura,3.0,114.0,1040.0,6075.0
Naranpura,Naranpura,2.0,70.0,630.0,7778.0
Naranpura,Naranpura,3.0,125.0,1045.0,6538.0
Naranpura,Naranpura,4.0,252.0,3168.0,7955.0
Naranpura,Naranpura,3.0,155.0,2800.0,5536.0
Naranpura,Naranpura,3.0,275.0,2322.0,11843.0
Naranpura,Naranpura,3.0,110.0,1365.0,5641.0
Naranpura,Naranpura,3.0,151.0,1672.0,9031.0
Naranpura,Naranpura,3.0,225.0,2763.0,8143.0
Naranpura,Naranpura,3.0,115.0,2360.0,4900.0
Naranpura,Naranpura,3.0,149.0,1265.0,6520.0
Naranpura,Naranpura,3.0,125.0,998.0,6887.0
Naranpura,Naranpura,3.0,140.0,1254.0,6375.0
Naranpura,Naranpura,3.0,161.0,1280.0,7000.0
Naranpura,Naranpura,3.0,124.0,960.0,6832.0
Naranpura,Naranpura,4.0,225.0,2705.0,8318.0
Naranpura,Naranpura,3.0,165.0,2340.0,7051.0
Naranpura,Naranpura,1.0,85.0,800.0,10625.0
Naranpura,Naranpura,3.0,126.0,226.0,6222.0
Naranpura,Naranpura,3.0,121.0,231.0,5820.0
Naranpura,Naranpura,3.0,125.0,235.0,5910.0
Naranpura,Naranpura,3.0,130.0,2110.0,6161.0
Naranpura,Naranpura,3.0,126.0,2034.0,6222.0
Naranpura,Naranpura,3.0,126.0,226.0,6222.0
Naranpura,Naranpura,2.0,60.0,1035.0,5797.0
Naranpura,Naranpura,3.0,83.0,1370.0,6058.0
Naranpura,Naranpura,4.0,198.0,1749.0,6250.0
Naranpura,Naranpura,3.0,118.0,852.0,6361.0
Naranpura,Naranpura,4.0,225.0,2405.0,9356.0
Naranpura,Naranpura,4.0,115.0,1500.0,5227.0
Naranpura,Naranpura,3.0,111.0,1170.0,6639.0
Naranpura,Naranpura,2.0,60.0,1035.0,5797.0
Naranpura,Naranpura,4.0,211.0,1893.0,7800.0
Naranpura,Naranpura,4.0,185.0,1550.0,6703.0
Naranpura,Naranpura,5.0,99.0,1500.0,3960.0
Naranpura,Naranpura,3.0,100.0,1944.0,5144.0
Naranpura,Naranpura,3.0,80.0,812.0,9852.0
Naranpura,Naranpura,2.0,60.0,600.0,10000.0
Naranpura,Naranpura,2.0,64.9,933.0,6490.0
Naranpura,Naranpura,3.0,109.0,1170.0,6519.0
Naranpura,Naranpura,3.0,85.0,862.0,7727.0
Naranpura,Naranpura,2.0,65.1,990.0,6576.0
Naranpura,Naranpura,3.0,145.0,1912.0,7584.0
Naranpura,Naranpura,3.0,146.0,1164.0,6921.0
Naranpura,Naranpura,3.0,103.0,998.0,5675.0
Naranpura,Naranpura,3.0,119.0,1158.0,5651.0
Naranpura,Naranpura,3.0,148.0,1132.0,6994.0
Naranpura,Naranpura,3.0,150.0,1164.0,7109.0
Naranpura,Naranpura,3.0,135.0,1107.0,5769.0
Naranpura,Naranpura,3.0,300.0,2705.0,11091.0
Naranpura,Naranpura,3.0,122.0,1147.0,6400.0
Naranpura,Naranpura,4.0,222.0,1749.0,7000.0
Naranpura,Naranpura,3.0,140.0,910.0,7977.0
Naranpura,Naranpura,3.0,146.0,1132.0,6900.0
Naranpura,Naranpura,3.0,140.0,1237.0,6250.0
Naranpura,Naranpura,4.0,211.0,2705.0,7800.0
Naranpura,Naranpura,3.0,127.0,999.0,7025.0
Naranpura,Naranpura,3.0,120.0,1164.0,5671.0
Naranpura,Naranpura,3.0,107.0,1040.0,5661.0
Naranpura,Naranpura,3.0,132.0,1009.0,6984.0
Naranpura,Naranpura,2.0,75.0,1000.0,5357.0
Naranpura,Naranpura,3.0,170.0,1177.0,8665.0
Naranpura,Naranpura,4.0,207.0,1749.0,6520.0
Naranpura,Naranpura,4.0,250.0,1749.0,7862.0
Naranpura,Naranpura,3.0,77.0,900.0,6417.0
Naranpura,Naranpura,3.0,130.0,1009.0,6878.0
Naranpura,Naranpura,3.0,126.0,999.0,6956.0
Naranpura,Naranpura,3.0,107.0,1040.0,5661.0
Naranpura,Naranpura,3.0,146.0,1164.0,6921.0
Naranpura,Naranpura,3.0,103.0,998.0,5675.0
Naranpura,Naranpura,3.0,119.0,1158.0,5651.0
Naranpura,Naranpura,3.0,148.0,1132.0,6994.0
Naranpura,Naranpura,3.0,150.0,1164.0,7109.0
Naranpura,Naranpura,3.0,135.0,1107.0,5769.0
Naranpura,Naranpura,3.0,300.0,2705.0,11091.0
Naranpura,Naranpura,3.0,122.0,1147.0,6400.0
Naranpura,Naranpura,4.0,222.0,1749.0,7000.0
Naranpura,Naranpura,3.0,140.0,910.0,7977.0
Naranpura,Naranpura,3.0,146.0,1132.0,6900.0
Naranpura,Naranpura,3.0,140.0,1237.0,6250.0
Naranpura,Naranpura,4.0,211.0,2705.0,7800.0
Naranpura,Naranpura,3.0,127.0,999.0,7025.0
Naranpura,Naranpura,3.0,120.0,1164.0,5671.0
Naranpura,Naranpura,3.0,107.0,1040.0,5661.0
Naranpura,Naranpura,3.0,132.0,1009.0,6984.0
Naranpura,Naranpura,2.0,75.0,1000.0,5357.0
Naranpura,Naranpura,3.0,170.0,1177.0,8665.0
Naranpura,Naranpura,4.0,207.0,1749.0,6520.0
Naranpura,Naranpura,4.0,250.0,1749.0,7862.0
Naranpura,Naranpura,3.0,77.0,900.0,6417.0
Naranpura,Naranpura,3.0,130.0,1009.0,6878.0
Naranpura,Naranpura,3.0,126.0,999.0,6956.0
Naranpura,Naranpura,3.0,107.0,1040.0,5661.0
Naranpura,Naranpura,4.0,204.0,3130.0,6518.0
Naranpura,Naranpura,4.0,76.0,1430.0,5315.0
Naranpura,Naranpura,3.0,150.0,1003.0,8971.0
Naranpura,Naranpura,3.0,146.0,1164.0,6921.0
Naranpura,Naranpura,3.0,103.0,998.0,5675.0
Naranpura,Naranpura,3.0,119.0,1158.0,5651.0
Naranpura,Naranpura,3.0,148.0,1132.0,6994.0
Naranpura,Naranpura,3.0,150.0,1164.0,7109.0
Naranpura,Naranpura,3.0,135.0,1107.0,5769.0
Naranpura,Naranpura,3.0,300.0,2705.0,11091.0
Naranpura,Naranpura,3.0,122.0,1147.0,6400.0
Naranpura,Naranpura,4.0,222.0,1749.0,7000.0
Naranpura,Naranpura,3.0,140.0,910.0,7977.0
Naranpura,Naranpura,3.0,146.0,1132.0,6900.0
Naranpura,Naranpura,3.0,140.0,1237.0,6250.0
Naranpura,Naranpura,4.0,211.0,2705.0,7800.0
Naranpura,Naranpura,3.0,127.0,999.0,7025.0
Naranpura,Naranpura,3.0,120.0,1164.0,5671.0
Naranpura,Naranpura,3.0,107.0,1040.0,5661.0
Naranpura,Naranpura,3.0,132.0,1009.0,6984.0
Naranpura,Naranpura,2.0,75.0,1000.0,5357.0
Naranpura,Naranpura,3.0,170.0,1177.0,8665.0
Naranpura,Naranpura,4.0,207.0,1749.0,6520.0
Naranpura,Naranpura,4.0,250.0,1749.0,7862.0
Naranpura,Naranpura,3.0,77.0,900.0,6417.0
Naranpura,Naranpura,3.0,130.0,1009.0,6878.0
Naranpura,Naranpura,3.0,126.0,999.0,6956.0
Naranpura,Naranpura,3.0,107.0,1040.0,5661.0
Naranpura,Naranpura,4.0,204.0,3130.0,6518.0
Naranpura,Naranpura,4.0,76.0,1430.0,5315.0
Naranpura,Naranpura,3.0,150.0,1003.0,8971.0
Chandkheda,Chandkheda,3.0,66.1,900.0,3949.0
Chandkheda,Chandkheda,2.0,59.0,850.0,4521.0
Chandkheda,Chandkheda,3.0,75.9,902.0,4600.0
Chandkheda,Chandkheda,3.0,73.5,1039.0,3888.0
Chandkheda,Chandkheda,2.0,65.0,825.0,5118.0
Chandkheda,Chandkheda,4.0,192.0,411.0,5200.0
Chandkheda,Chandkheda,3.0,82.0,1071.0,5359.0
Chandkheda,Chandkheda,3.0,71.4,1039.0,3777.0
Chandkheda,Chandkheda,4.0,375.0,3150.0,8333.0
Chandkheda,Chandkheda,2.0,66.0,825.0,5197.0
Chandkheda,Chandkheda,3.0,150.0,1287.0,6410.0
Chandkheda,Chandkheda,2.0,65.0,1270.0,5118.0
Chandkheda,Chandkheda,3.0,87.0,900.0,5649.0
Chandkheda,Chandkheda,3.0,100.0,1512.0,6614.0
Chandkheda,Chandkheda,2.0,58.0,945.0,4296.0
Chandkheda,Chandkheda,2.0,57.0,1260.0,4524.0
Chandkheda,Chandkheda,3.0,86.0,1850.0,3822.0
Chandkheda,Chandkheda,1.0,35.0,800.0,3889.0
Chandkheda,Chandkheda,3.0,86.0,1260.0,4778.0
Chandkheda,Chandkheda,3.0,80.0,1899.0,4213.0
Chandkheda,Chandkheda,3.0,96.0,1400.0,4539.0
Chandkheda,Chandkheda,3.0,99.8,1500.0,4719.0
Chandkheda,Chandkheda,3.0,155.0,1700.0,5439.0
Chandkheda,Chandkheda,4.0,175.0,250.0,4630.0
Chandkheda,Chandkheda,2.0,46.0,906.0,5077.0
Chandkheda,Chandkheda,4.0,225.0,360.0,6944.0
Chandkheda,Chandkheda,3.0,100.0,1058.0,5669.0
Chandkheda,Chandkheda,3.0,80.0,1485.0,5387.0
Chandkheda,Chandkheda,4.0,153.0,3222.0,4749.0
Chandkheda,Chandkheda,3.0,120.0,1890.0,6349.0
Chandkheda,Chandkheda,2.0,70.0,1125.0,6222.0
Chandkheda,Chandkheda,2.0,60.0,1035.0,5797.0
Chandkheda,Chandkheda,3.0,73.0,1548.0,4716.0
Chandkheda,Chandkheda,3.0,200.0,2900.0,6897.0
Chandkheda,Chandkheda,3.0,95.0,860.0,7132.0
Chandkheda,Chandkheda,3.0,64.0,1836.0,3486.0
Chandkheda,Chandkheda,3.0,85.0,1100.0,7727.0
Chandkheda,Chandkheda,3.0,55.0,1000.0,3754.0
Chandkheda,Chandkheda,3.0,67.5,1935.0,3488.0
Chandkheda,Chandkheda,3.0,65.0,1890.0,3439.0
Chandkheda,Chandkheda,3.0,65.0,210.0,3439.0
Chandkheda,Chandkheda,3.0,70.0,202.0,3850.0
Chandkheda,Chandkheda,3.0,74.0,970.0,5374.0
Chandkheda,Chandkheda,2.0,58.5,1098.0,5328.0
Chandkheda,Chandkheda,2.0,55.0,1107.0,4968.0
Chandkheda,Chandkheda,3.0,90.0,1431.0,6289.0
Chandkheda,Chandkheda,4.0,125.0,300.0,4630.0
Chandkheda,Chandkheda,3.0,67.0,1440.0,4653.0
Chandkheda,Chandkheda,3.0,85.0,1494.0,5689.0
Chandkheda,Chandkheda,3.0,78.0,1800.0,4333.0
Chandkheda,Chandkheda,2.0,57.5,1278.0,4122.0
Chandkheda,Chandkheda,2.0,49.0,999.0,4905.0
Chandkheda,Chandkheda,2.0,57.0,690.0,4872.0
Chandkheda,Chandkheda,3.0,75.0,1544.0,4858.0
Chandkheda,Chandkheda,3.0,80.0,877.0,5926.0
Chandkheda,Chandkheda,3.0,64.3,1070.0,3486.0
Chandkheda,Chandkheda,1.0,35.0,774.0,4522.0
Chandkheda,Chandkheda,3.0,100.0,1241.0,5640.0
Chandkheda,Chandkheda,2.0,50.0,770.0,4545.0
Chandkheda,Chandkheda,2.0,48.0,612.0,7843.0
Chandkheda,Chandkheda,2.0,90.0,3200.0,2812.0
Chandkheda,Chandkheda,3.0,100.0,1211.0,5368.0
Chandkheda,Chandkheda,3.0,78.0,1530.0,5098.0
Chandkheda,Chandkheda,3.0,80.0,900.0,4678.0
Chandkheda,Chandkheda,1.0,32.0,700.0,4571.0
Chandkheda,Chandkheda,2.0,52.0,1260.0,4127.0
Chandkheda,Chandkheda,2.0,51.0,1080.0,4722.0
Chandkheda,Chandkheda,2.0,85.0,850.0,6641.0
Chandkheda,Chandkheda,2.0,65.0,1020.0,4458.0
Chandkheda,Chandkheda,3.0,86.0,1600.0,5375.0
Chandkheda,Chandkheda,3.0,70.0,995.0,5102.0
Chandkheda,Chandkheda,2.0,50.0,750.0,4167.0
Chandkheda,Chandkheda,2.0,63.0,1250.0,5040.0
Chandkheda,Chandkheda,3.0,78.0,1080.0,4333.0
Chandkheda,Chandkheda,2.0,52.0,1080.0,4815.0
Chandkheda,Chandkheda,2.0,44.0,950.0,3729.0
Chandkheda,Chandkheda,2.0,65.0,960.0,5015.0
Chandkheda,Chandkheda,2.0,70.0,1250.0,4444.0
Chandkheda,Chandkheda,3.0,125.0,1890.0,6614.0
Chandkheda,Chandkheda,3.0,135.0,2565.0,5263.0
Chandkheda,Chandkheda,2.0,44.0,1098.0,4007.0
Chandkheda,Chandkheda,2.0,45.0,1206.0,3731.0
Chandkheda,Chandkheda,3.0,85.0,1104.0,4607.0
Chandkheda,Chandkheda,2.0,55.0,1100.0,5000.0
Chandkheda,Chandkheda,2.0,47.0,1188.0,3956.0
Chandkheda,Chandkheda,2.0,45.0,1215.0,3704.0
Chandkheda,Chandkheda,3.0,105.0,2005.0,5237.0
Chandkheda,Chandkheda,2.0,44.0,693.0,4444.0
Chandkheda,Chandkheda,1.0,30.0,560.0,3797.0
Chandkheda,Chandkheda,2.0,66.5,1215.0,5115.0
Chandkheda,Chandkheda,1.0,30.0,675.0,4444.0
Chandkheda,Chandkheda,2.0,55.0,559.0,9839.0
Chandkheda,Chandkheda,2.0,58.0,1080.0,5370.0
Chandkheda,Chandkheda,3.0,110.0,281.0,4350.0
Chandkheda,Chandkheda,1.0,29.0,774.0,3747.0
Chandkheda,Chandkheda,2.0,50.0,806.0,4340.0
Chandkheda,Chandkheda,2.0,50.0,1206.0,4146.0
Chandkheda,Chandkheda,2.0,68.5,1197.0,5723.0
Chandkheda,Chandkheda,3.0,112.0,2115.0,5296.0
Chandkheda,Chandkheda,2.0,45.0,667.0,6747.0
Chandkheda,Chandkheda,2.0,66.5,1300.0,5473.0
Nikol,Nikol,3.0,82.8,230.0,4000.0
Nikol,Nikol,2.0,50.0,878.0,3984.0
Nikol,Nikol,2.0,38.5,980.0,3929.0
Nikol,Nikol,1.0,24.0,720.0,3333.0
Nikol,Nikol,1.0,35.0,864.0,4051.0
Nikol,Nikol,1.0,31.5,550.0,5729.0
Nikol,Nikol,1.0,23.0,756.0,3042.0
Nikol,Nikol,2.0,43.0,1215.0,4778.0
Nikol,Nikol,3.0,107.0,1080.0,5152.0
Nikol,Nikol,1.0,28.5,252.0,11310.0
Nikol,Nikol,2.0,53.5,950.0,4308.0
Nikol,Nikol,4.0,160.0,2025.0,4741.0
Nikol,Nikol,2.0,80.0,665.0,5333.0
Nikol,Nikol,3.0,75.0,1680.0,4464.0
Nikol,Nikol,1.0,30.0,795.0,3774.0
Nikol,Nikol,3.0,65.0,1440.0,4514.0
Nikol,Nikol,4.0,130.0,1719.0,7563.0
Nikol,Nikol,2.0,48.0,1152.0,4167.0
Nikol,Nikol,3.0,70.0,1620.0,4321.0
Nikol,Nikol,2.0,50.0,850.0,5882.0
Nikol,Nikol,1.0,26.5,485.0,3825.0
Nikol,Nikol,2.0,55.0,1000.0,4231.0
Nikol,Nikol,2.0,45.0,1314.0,3425.0
Nikol,Nikol,4.0,260.0,518.0,5577.0
Nikol,Nikol,3.0,90.0,1800.0,5000.0
Nikol,Nikol,2.0,78.0,1386.0,3939.0
Nikol,Nikol,2.0,40.0,857.0,3265.0
Nikol,Nikol,2.0,55.0,920.0,4186.0
Nikol,Nikol,2.0,45.0,1200.0,3750.0
Nikol,Nikol,2.0,40.0,981.0,4077.0
Nikol,Nikol,2.0,55.0,810.0,4101.0
Nikol,Nikol,2.0,47.0,800.0,4178.0
Nikol,Nikol,2.0,30.0,900.0,3333.0
Nikol,Nikol,1.0,27.0,576.0,3750.0
Nikol,Nikol,2.0,55.0,977.0,3772.0
Nikol,Nikol,2.0,43.0,900.0,3413.0
Nikol,Nikol,3.0,100.0,1449.0,4831.0
Nikol,Nikol,2.0,52.0,1150.0,4522.0
Nikol,Nikol,3.0,95.0,1044.0,5075.0
Nikol,Nikol,2.0,42.0,650.0,6462.0
Nikol,Nikol,4.0,315.0,2835.0,7778.0
Nikol,Nikol,1.0,26.0,729.0,3567.0
Nikol,Nikol,1.0,25.6,756.0,3386.0
Nikol,Nikol,2.0,42.0,650.0,3889.0
Nikol,Nikol,3.0,80.0,831.0,9627.0
Nikol,Nikol,2.0,48.5,1000.0,3992.0
Nikol,Nikol,1.0,26.0,702.0,3704.0
Nikol,Nikol,3.0,55.0,1134.0,3395.0
Nikol,Nikol,3.0,71.0,1486.0,3343.0
Nikol,Nikol,3.0,82.0,1518.0,3781.0
Nikol,Nikol,3.0,80.0,2223.0,3599.0
Nikol,Nikol,2.0,53.0,982.0,3775.0
Nikol,Nikol,1.0,29.0,775.0,3742.0
Nikol,Nikol,2.0,37.5,927.0,4046.0
Nikol,Nikol,2.0,49.1,691.0,4263.0
Nikol,Nikol,1.0,24.0,702.0,3419.0
Nikol,Nikol,3.0,80.0,1222.0,4582.0
Nikol,Nikol,1.0,24.5,560.0,3101.0
Nikol,Nikol,4.0,135.0,1422.0,5556.0
Nikol,Nikol,2.0,37.0,521.0,6560.0
Nikol,Nikol,2.0,40.0,900.0,4444.0
Nikol,Nikol,1.0,25.5,720.0,3542.0
Nikol,Nikol,2.0,38.0,738.0,4099.0
Nikol,Nikol,3.0,58.0,1060.0,4427.0
Nikol,Nikol,2.0,55.0,1760.0,3134.0
Nikol,Nikol,3.0,87.0,1354.0,4496.0
Nikol,Nikol,2.0,55.0,898.0,6125.0
Nikol,Nikol,3.0,120.0,256.0,5208.0
Nikol,Nikol,3.0,99.0,235.0,4681.0
Nikol,Nikol,3.0,75.0,1176.0,4464.0
Nikol,Nikol,2.0,41.0,912.0,3374.0
Nikol,Nikol,4.0,135.0,204.0,3927.0
Nikol,Nikol,2.0,67.0,885.0,4136.0
Nikol,Nikol,3.0,120.0,308.0,4329.0
Khodiyar Nagar,Propus Clara,4.0,138.0,412.0,3741.0
Khodiyar Nagar,Propus Clara,4.0,137.0,412.0,3704.0
Khodiyar Nagar,Propus Clara,4.0,136.0,412.0,3668.0
Khodiyar Nagar,Propus Clara,3.0,103.0,307.0,3729.0
Khodiyar Nagar,Propus Clara,3.0,102.0,307.0,3692.0
Khodiyar Nagar,Propus Clara,3.0,101.0,307.0,3655.0
Khodiyar Nagar,Raghuleela Residency,2.0,39.6,740.0,2574.0
Khodiyar Nagar,Radheshyam Sahitya Hills,3.0,70.0,1575.0,4444.0
Khodiyar Nagar,Madhav Pranami Bunglows,3.0,185.0,1089.0,16988.0
Khodiyar Nagar,Jay Residency,2.0,34.5,1107.0,3117.0
Khodiyar Nagar,Naiya Apartments,2.0,42.0,1080.0,3889.0
Khodiyar Nagar,Khodiyar Nagar,3.0,82.8,230.0,4000.0
Khodiyar Nagar,Swagat Parishram,3.0,155.0,2196.0,7100.0
Khodiyar Nagar,Omkar Elegance,3.0,70.7,850.0,4202.0
Khodiyar Nagar,Radheshyam Radhika Vihar,2.0,54.0,774.0,4545.0
Khodiyar Nagar,Suryam Elegance,2.0,40.0,680.0,4233.0
Khodiyar Nagar,Suryam Ananta,3.0,70.0,817.0,6135.0
Khodiyar Nagar,Suryam Elegance,2.0,38.0,645.0,5000.0
Science City,Science City,3.0,181.0,1400.0,6500.0
Science City,Science City,4.0,245.0,2491.0,6500.0
Science City,Science City,2.0,68.7,1386.0,4953.0
Science City,Science City,4.0,277.0,242.0,7000.0
Science City,Science City,4.0,291.0,2073.0,6333.0
Science City,Science City,4.0,291.0,2534.0,6334.0
Science City,Science City,4.0,225.0,1663.0,6765.0
Science City,Science City,4.0,260.0,2145.0,6766.0
Science City,Science City,4.0,323.0,272.0,7268.0
Science City,Science City,3.0,120.0,1800.0,6667.0
Science City,Science City,2.0,48.0,1035.0,4638.0
Science City,Science City,4.0,311.0,2316.0,7000.0
Science City,Science City,3.0,181.0,1533.0,6500.0
Science City,Science City,4.0,277.0,2300.0,6200.0
Science City,Science City,4.0,200.0,2000.0,6594.0
Science City,Science City,3.0,127.0,1188.0,5880.0
Science City,Science City,3.0,220.0,242.0,10101.0
Science City,Science City,3.0,181.0,2788.0,6500.0
Science City,Science City,4.0,263.0,3770.0,7000.0
Science City,Science City,4.0,304.0,2886.0,5800.0
Science City,Science City,3.0,182.0,1632.0,6700.0
Science City,Science City,4.0,290.0,2029.0,6433.0
Science City,Science City,3.0,175.0,2610.0,6705.0
Science City,Science City,4.0,198.0,3825.0,5202.0
Science City,Science City,3.0,270.0,2628.0,10274.0
Science City,Science City,4.0,390.0,2104.0,10196.0
Science City,Science City,2.0,69.0,765.0,4978.0
Science City,Science City,3.0,88.0,1228.0,5014.0
Science City,Science City,4.0,299.0,2395.0,6887.0
Science City,Science City,2.0,50.0,1035.0,4831.0
Science City,Science City,4.0,325.0,387.0,9331.0
Science City,Science City,2.0,88.0,780.0,6984.0
Science City,Science City,4.0,210.0,1900.0,6988.0
Science City,Science City,4.0,231.0,1604.0,6500.0
Science City,Science City,3.0,165.0,1450.0,9167.0
Science City,Science City,4.0,311.0,2450.0,7000.0
Science City,Science City,3.0,147.0,1100.0,6806.0
Science City,Science City,3.0,148.0,2160.0,6852.0
Science City,Science City,3.0,200.0,1307.0,9183.0
Science City,Science City,4.0,295.0,265.0,7587.0
Science City,Science City,3.0,184.0,1533.0,6600.0
Science City,Science City,3.0,158.0,2718.0,5813.0
Science City,Science City,4.0,225.0,3100.0,7258.0
Science City,Science City,3.0,157.0,1443.0,6000.0
Science City,Science City,4.0,202.0,210.0,5300.0
Science City,Science City,2.0,110.0,673.0,8987.0
Science City,Science City,4.0,291.0,2448.0,6335.0
Science City,Science City,2.0,50.0,600.0,4831.0
Science City,Science City,4.0,450.0,3843.0,11710.0
Science City,Science City,3.0,105.0,980.0,5833.0
Science City,Science City,3.0,190.0,275.0,7677.0
Science City,Science City,4.0,404.0,5160.0,7840.0
Science City,Science City,4.0,225.0,275.0,9091.0
Science City,Science City,3.0,120.0,1800.0,6000.0
Science City,Science City,3.0,200.0,242.0,9183.0
Science City,Science City,3.0,145.0,1152.0,7257.0
Science City,Science City,3.0,105.0,1200.0,5250.0
Science City,Science City,3.0,135.0,272.0,5515.0
Science City,Science City,3.0,107.0,2142.0,5000.0
Science City,Science City,3.0,175.0,1500.0,6863.0
Science City,Science City,3.0,88.0,1000.0,5014.0
Science City,Science City,3.0,135.0,2475.0,5455.0
Science City,Science City,3.0,135.0,2475.0,5455.0
Science City,Science City,3.0,116.0,275.0,4722.0
Science City,Science City,3.0,140.0,242.0,6428.0
Science City,Science City,3.0,135.0,238.0,6303.0
Science City,Science City,3.0,131.0,272.0,5351.0
Science City,Science City,3.0,215.0,238.0,10037.0
Science City,Science City,3.0,210.0,2178.0,13548.0
Science City,Science City,4.0,313.0,2603.0,7215.0
Science City,Science City,4.0,390.0,2295.0,10196.0
Science City,Science City,3.0,156.0,1471.0,5850.0
Science City,Science City,3.0,78.4,1100.0,5213.0
Science City,Science City,3.0,82.0,1650.0,4970.0
Science City,Science City,3.0,75.0,1485.0,5051.0
Science City,Science City,3.0,140.0,1291.0,7588.0
Science City,Science City,3.0,126.0,2300.0,5500.0
Science City,Science City,1.0,33.0,720.0,4583.0
Science City,Science City,2.0,84.0,913.0,6437.0
Science City,Science City,3.0,95.0,1800.0,5278.0
Science City,Science City,3.0,105.0,1260.0,5833.0
Science City,Science City,3.0,110.0,1495.0,7358.0
Science City,Science City,4.0,191.0,1146.0,11667.0
Science City,Science City,3.0,120.0,242.0,5510.0
Science City,Science City,3.0,105.0,908.0,6705.0
Science City,Science City,4.0,245.0,2491.0,6500.0
Science City,Science City,3.0,181.0,1400.0,6500.0
Science City,Science City,1.0,35.5,720.0,4928.0
Science City,Science City,4.0,277.0,242.0,7000.0
Science City,Science City,5.0,194.0,212.0,5600.0
Science City,Science City,3.0,175.0,1606.0,6000.0
Science City,Science City,4.0,297.0,290.0,6667.0
Science City,Science City,3.0,181.0,1499.0,6667.0
Science City,Science City,3.0,183.0,1609.0,6260.0
Science City,Science City,1.0,32.0,720.0,4444.0
Science City,Science City,4.0,245.0,2073.0,6500.0
Science City,Science City,2.0,54.0,569.0,5217.0
Science City,Science City,4.0,245.0,3770.0,6500.0
Science City,Science City,3.0,195.0,1400.0,7000.0
Science City,Science City,2.0,70.0,720.0,5051.0
Science City,Science City,4.0,245.0,2491.0,6500.0
Science City,Science City,3.0,181.0,1400.0,6500.0
Science City,Science City,1.0,35.5,720.0,4928.0
Science City,Science City,4.0,277.0,242.0,7000.0
Science City,Science City,5.0,194.0,212.0,5600.0
Science City,Science City,3.0,175.0,1606.0,6000.0
Science City,Science City,4.0,297.0,290.0,6667.0
Science City,Science City,3.0,181.0,1499.0,6667.0
Science City,Science City,3.0,183.0,1609.0,6260.0
Science City,Science City,1.0,32.0,720.0,4444.0
Science City,Science City,4.0,245.0,2073.0,6500.0
Science City,Science City,2.0,54.0,569.0,5217.0
Science City,Science City,4.0,245.0,3770.0,6500.0
Science City,Science City,3.0,195.0,1400.0,7000.0
Science City,Science City,2.0,70.0,720.0,5051.0
Science City,Science City,3.0,181.0,1400.0,6500.0
Science City,Science City,4.0,232.0,2376.0,5370.0
Science City,Science City,4.0,279.0,5380.0,5202.0
Science City,Science City,4.0,360.0,3825.0,9412.0
Science City,Science City,4.0,390.0,2104.0,10196.0
Science City,Science City,3.0,88.0,1068.0,5014.0
Science City,Science City,4.0,210.0,1950.0,6988.0
Science City,Science City,4.0,267.0,2008.0,6000.0
Science City,Science City,3.0,130.0,1085.0,7186.0
